epoch,train_loss,train_acc,train_f1,val_loss,val_acc,val_f1
0,0.637604,0.782366,0.781533,0.185741,0.96875,0.968885
1,0.223534,0.947545,0.947867,0.100056,0.977679,0.977787
